{
    "1": 471.66870540951606,
    "2": 212.07009247806985,
    "3": 502.7223686394788,
    "4": -1,
    "5": -1,
    "6": -1,
    "7": -1,
    "8": 69.62546945426679,
    "9": 214.03398772603884,
    "10": 307.5468813594884,
    "11": 400.5690623825772,
    "12": 428.47246719274005,
    "13": 456.7264934544958,
    "14": 569.8266702890204,
    "15": 594.8778179673188,
    "16": 599.0214878383396,
    "17": -1,
    "18": -1,
    "19": 244.40586317513632,
    "20": 444.86912014377407,
    "21": 122.1091152709174,
    "22": 593.2309179994068,
    "23": 643.1309516643045,
    "24": 655.9500779995886,
    "25": 493.10464900004916,
    "26": 489.0261958585723,
    "27": 523.9850635050395,
    "28": 626.4865670430216,
    "29": 647.2875285592595,
    "30": 451.1830404827762,
    "31": 77.3076032407139,
    "32": 255.31169029780307,
    "33": 70.79442068411596,
    "34": 93.50124785129326,
    "35": 114.68921613520456,
    "36": 151.4333313102913,
    "37": 234.1868603558305,
    "38": 392.32559691332335,
    "39": 413.4379155922364,
    "40": 42.934295854609985,
    "41": 129.01950266871722,
    "42": 153.30385977365236,
    "43": 177.47181376235363,
    "44": 225.17894111246895,
    "45": 266.7429880761616,
    "46": 317.8725199373295,
    "47": 114.56386711209858,
    "48": 272.2662623893395,
    "49": -1,
    "50": -1,
    "51": 596.3243757981662,
    "52": 79.48138125130856,
    "53": 175.46027180233105,
    "54": 188.14254289231852,
    "55": 335.7530420025623,
    "56": 360.8197529954344,
    "57": 443.9873548605865,
    "58": 476.4841239307538,
    "59": 540.6964149752084,
    "60": 540.6964149752084,
    "61": 597.0971816112694,
    "62": 597.0971816112694,
    "63": 612.2183588141168,
    "64": 651.5817936235935,
    "65": 674.7068882179976,
    "66": 674.7068882179976,
    "67": 713.7066318068923,
    "68": 730.0681720766838,
    "69": 730.0681720766838,
    "70": 756.4033196935076,
    "71": 756.4033196935076,
    "72": 774.4886728833189,
    "73": 817.1225795774017,
    "74": 842.8324998417669,
    "75": 59.17626292653187,
    "76": 81.08082866064382,
    "77": 90.07082309890616,
    "78": 148.97430899906294,
    "79": 190.02854142399002,
    "80": 209.33786559652674,
    "81": 233.63971737781668,
    "82": 270.1628607255625
}